{"feature_adjustments_pct": {"rooms": 5.0, "bathrooms": 12.35, "has_elevator": 5.0, "has_ac": 5.0, "has_pool": 28.2, "has_terrace": 5.0}, "neighborhood_locator": [{"latitude": 41.3840209, "longitude": 2.1751218, "neighborhood": "El G\u00f2tic"}, {"latitude": 41.3885517, "longitude": 2.1720406, "neighborhood": "Sant Pere - Santa Caterina i la Ribera"}, {"latitude": 41.3816337, "longitude": 2.1802438, "neighborhood": "Sant Pere - Santa Caterina i la Ribera"}, {"latitude": 41.38663, "longitude": 2.166206, "neighborhood": "La Dreta de l'Eixample"}, {"latitude": 41.385054, "longitude": 2.1643967, "neighborhood": "L'Antiga Esquerra de l'Eixample"}, {"latitude": 41.3829129, "longitude": 2.1811366, "neighborhood": "El G\u00f2tic"}, {"latitude": 41.3873467, "longitude": 2.175752, "neighborhood": "Sant Pere - Santa Caterina i la Ribera"}, {"latitude": 41.3845892, "longitude": 2.1796722, "neighborhood": "Sant Pere - Santa Caterina i la Ribera"}, {"latitude": 41.3849647, "longitude": 2.1790231, "neighborhood": "Sant Pere - Santa Caterina i la Ribera"}, {"latitude": 41.3811043, "longitude": 2.1743843, "neighborhood": "El G\u00f2tic"}, {"latitude": 41.3903259, "longitude": 2.1660204, "neighborhood": "La Dreta de l'Eixample"}, {"latitude": 41.3930299, "longitude": 2.17133, "neighborhood": "La Dreta de l'Eixample"}, {"latitude": 41.3948145, "longitude": 2.1704732, "neighborhood": "La Dreta de l'Eixample"}, {"latitude": 41.3917072, "longitude": 2.172475, "neighborhood": "La Dreta de l'Eixample"}, {"latitude": 41.3959829, "longitude": 2.1696515, "neighborhood": "La Dreta de l'Eixample"}, {"latitude": 41.3934244, "longitude": 2.1727684, "neighborhood": "La Dreta de l'Eixample"}, {"latitude": 41.3940343, "longitude": 2.1676618, "neighborhood": "La Dreta de l'Eixample"}, {"latitude": 41.3957818, "longitude": 2.1658564, "neighborhood": "La Dreta de l'Eixample"}, {"latitude": 41.3901209, "longitude": 2.1728457, "neighborhood": "La Dreta de l'Eixample"}, {"latitude": 41.3909349, "longitude": 2.1712947, "neighborhood": "La Dreta de l'Eixample"}, {"latitude": 41.3772499, "longitude": 2.1513727, "neighborhood": "Sant Antoni"}, {"latitude": 41.3756367, "longitude": 2.1602913, "neighborhood": "Sant Antoni"}, {"latitude": 41.375283, "longitude": 2.1601794, "neighborhood": "El Poble Sec - Parc de Montju\u00efc"}, {"latitude": 41.3806583, "longitude": 2.1550492, "neighborhood": "Sant Antoni"}, {"latitude": 41.376836, "longitude": 2.1524128, "neighborhood": "Sant Antoni"}, {"latitude": 41.3781348, "longitude": 2.1434662, "neighborhood": "Hostafrancs"}, {"latitude": 41.3760959, "longitude": 2.1438318, "neighborhood": "Hostafrancs"}, {"latitude": 41.3778758, "longitude": 2.1551536, "neighborhood": "Sant Antoni"}, {"latitude": 41.3776928, "longitude": 2.1516995, "neighborhood": "La Nova Esquerra de l'Eixample"}, {"latitude": 41.379681, "longitude": 2.1461535, "neighborhood": "La Nova Esquerra de l'Eixample"}, {"latitude": 41.3902382, "longitude": 2.1382296, "neighborhood": "Sant Gervasi - Galvany"}, {"latitude": 41.3935246, "longitude": 2.1329153, "neighborhood": "Les Tres Torres"}, {"latitude": 41.3850173, "longitude": 2.1447298, "neighborhood": "La Nova Esquerra de l'Eixample"}, {"latitude": 41.3795442, "longitude": 2.1294967, "neighborhood": "Sants"}, {"latitude": 41.3908455, "longitude": 2.1394004, "neighborhood": "Les Corts"}, {"latitude": 41.3815001, "longitude": 2.1320158, "neighborhood": "Les Corts"}, {"latitude": 41.3795115, "longitude": 2.132378, "neighborhood": "Sants"}, {"latitude": 41.3886656, "longitude": 2.1243595, "neighborhood": "Pedralbes"}, {"latitude": 41.3830377, "longitude": 2.1436303, "neighborhood": "La Nova Esquerra de l'Eixample"}, {"latitude": 41.3907455, "longitude": 2.1285846, "neighborhood": "Sarri\u00e0"}, {"latitude": 41.4012372, "longitude": 2.1491941, "neighborhood": "Sant Gervasi - Galvany"}, {"latitude": 41.4067627, "longitude": 2.1439721, "neighborhood": "El Putxet i el Farr\u00f3"}, {"latitude": 41.3999524, "longitude": 2.1459031, "neighborhood": "Sant Gervasi - Galvany"}, {"latitude": 41.3978321, "longitude": 2.1419469, "neighborhood": "Sant Gervasi - Galvany"}, {"latitude": 41.3961415, "longitude": 2.1422593, "neighborhood": "Sant Gervasi - Galvany"}, {"latitude": 41.4014961, "longitude": 2.1356892, "neighborhood": "Sant Gervasi - Galvany"}, {"latitude": 41.4047009, "longitude": 2.1382381, "neighborhood": "Sant Gervasi - La Bonanova"}, {"latitude": 41.394801, "longitude": 2.1341358, "neighborhood": "Sant Gervasi - Galvany"}, {"latitude": 41.3970909, "longitude": 2.1489888, "neighborhood": "Sant Gervasi - Galvany"}, {"latitude": 41.4039029, "longitude": 2.1434846, "neighborhood": "Sant Gervasi - Galvany"}, {"latitude": 41.4108024, "longitude": 2.1440801, "neighborhood": "El Putxet i el Farr\u00f3"}, {"latitude": 41.3984903, "longitude": 2.1526052, "neighborhood": "Sant Gervasi - Galvany"}, {"latitude": 41.4109932, "longitude": 2.1562459, "neighborhood": "La Salut"}, {"latitude": 41.3987904, "longitude": 2.1503549, "neighborhood": "Sant Gervasi - Galvany"}, {"latitude": 41.4039969, "longitude": 2.1450228, "neighborhood": "El Putxet i el Farr\u00f3"}, {"latitude": 41.4005872, "longitude": 2.1520145, "neighborhood": "Sant Gervasi - Galvany"}, {"latitude": 41.4100129, "longitude": 2.1593054, "neighborhood": "Vila de Gr\u00e0cia"}, {"latitude": 41.4335556, "longitude": 2.1560122, "neighborhood": "Horta"}, {"latitude": 41.424638, "longitude": 2.1465428, "neighborhood": "La Teixonera"}, {"latitude": 41.4318866, "longitude": 2.1609687, "neighborhood": "Horta"}, {"latitude": 41.4305729, "longitude": 2.1597545, "neighborhood": "Horta"}, {"latitude": 41.4288301, "longitude": 2.1619876, "neighborhood": "Horta"}, {"latitude": 41.4297382, "longitude": 2.1605268, "neighborhood": "Horta"}, {"latitude": 41.423104, "longitude": 2.1579508, "neighborhood": "El Carmel"}, {"latitude": 41.4223847, "longitude": 2.1537013, "neighborhood": "El Carmel"}, {"latitude": 41.42737, "longitude": 2.1612092, "neighborhood": "La Font d'En Fargues"}, {"latitude": 41.42294, "longitude": 2.1530693, "neighborhood": "El Carmel"}, {"latitude": 41.4461862, "longitude": 2.1864271, "neighborhood": "La Prosperitat"}, {"latitude": 41.438707, "longitude": 2.1779961, "neighborhood": "La Prosperitat"}, {"latitude": 41.4557503, "longitude": 2.1760775, "neighborhood": "Ciutat Meridiana - Torre Bar\u00f3 - Vallbona"}, {"latitude": 41.4427477, "longitude": 2.1803903, "neighborhood": "La Prosperitat"}, {"latitude": 41.4390968, "longitude": 2.1732601, "neighborhood": "Verdun"}, {"latitude": 41.443381, "longitude": 2.1787035, "neighborhood": "Verdun"}, {"latitude": 41.4428253, "longitude": 2.183205, "neighborhood": "La Prosperitat"}, {"latitude": 41.4443608, "longitude": 2.1763689, "neighborhood": "Les Roquetes"}, {"latitude": 41.4422245, "longitude": 2.1797835, "neighborhood": "La Prosperitat"}, {"latitude": 41.440577, "longitude": 2.175864, "neighborhood": "La Prosperitat"}, {"latitude": 41.436983, "longitude": 2.1916844, "neighborhood": "Sant Andreu"}, {"latitude": 41.4295313, "longitude": 2.1898268, "neighborhood": "Sant Andreu"}, {"latitude": 41.4397871, "longitude": 2.1932536, "neighborhood": "Sant Andreu"}, {"latitude": 41.4302688, "longitude": 2.1961221, "neighborhood": "Sant Andreu"}, {"latitude": 41.4378928, "longitude": 2.1919069, "neighborhood": "Sant Andreu"}, {"latitude": 41.4382867, "longitude": 2.1894683, "neighborhood": "Sant Andreu"}, {"latitude": 41.4417218, "longitude": 2.1919122, "neighborhood": "Sant Andreu"}, {"latitude": 41.441264, "longitude": 2.1943322, "neighborhood": "Sant Andreu"}, {"latitude": 41.412314, "longitude": 2.2213895, "neighborhood": "El Bes\u00f2s"}, {"latitude": 41.4082149, "longitude": 2.2157993, "neighborhood": "Diagonal Mar i el Front Mar\u00edtim del Poblenou"}, {"latitude": 41.4086222, "longitude": 2.215021, "neighborhood": "Diagonal Mar i el Front Mar\u00edtim del Poblenou"}, {"latitude": 41.4122865, "longitude": 2.217717, "neighborhood": "El Bes\u00f2s"}, {"latitude": 41.4198701, "longitude": 2.2076305, "neighborhood": "Proven\u00e7als del Poblenou"}, {"latitude": 41.408094, "longitude": 2.2175658, "neighborhood": "Diagonal Mar i el Front Mar\u00edtim del Poblenou"}, {"latitude": 41.4119895, "longitude": 2.2190997, "neighborhood": "El Bes\u00f2s"}, {"latitude": 41.4210103, "longitude": 2.2090284, "neighborhood": "El Bes\u00f2s"}, {"latitude": 41.4110792, "longitude": 2.220661, "neighborhood": "El Bes\u00f2s"}]}